epoch,event_lr,transformer_lr,train_loss,val_loss,val_auc,val_ap,seconds
1,0.0002,1e-05,0.25144724894717085,0.24861141266822814,0.9611038532,0.9563401497168045,942.6124468379421
2,0.0001965569027572323,9.827845137861615e-06,0.25035668556398005,0.24919543484687806,0.9609913052000001,0.9561460809329978,939.2030971710337
3,0.00018650655029065042,9.325327514532521e-06,0.24949797213813885,0.24951878356933593,0.9610308054,0.956219498070713,935.9316745679826
4,0.00017066316238534924,8.533158119267463e-06,0.24913452075423748,0.24861593618392944,0.9611565925999999,0.956416430999524,938.1473717140034
5,0.00015031027610516037,7.515513805258019e-06,0.24846782115795524,0.24816053743362426,0.9612217519999999,0.9563925076735268,937.2295606520493
6,0.00012709676125322925,6.354838062661462e-06,0.24780675924839682,0.2483533299636841,0.961210925,0.9563974372437556,941.8935929189902
7,0.00010290323874677077,5.1451619373385385e-06,0.24743350871362674,0.2486089412212372,0.961174504,0.9563544425672281,941.0399343330646
8,7.968972389483966e-05,3.984486194741983e-06,0.24693923785565577,0.24794515323638916,0.961339626,0.956559051464544,934.3508883250179
9,5.933683761465078e-05,2.966841880732539e-06,0.2462460883930616,0.24790454206943513,0.9613349796,0.9565563731406563,936.5509713130305
10,4.3493449709349585e-05,2.1746724854674793e-06,0.24634752506378102,0.24798031388759614,0.961372562,0.9565895955055579,939.4597494410118
11,3.344309724276774e-05,1.6721548621383868e-06,0.2457584027680526,0.24773718802452088,0.9613920268,0.9566577760464618,939.5494157089852
12,3e-05,1.5e-06,0.2458363956007598,0.24767166159629822,0.9614147930000001,0.9567019496558051,948.6363319429802
