activation,seed,parameters,best_epoch,validation_auc,validation_ap,eps_b_at_eps_s_50,eps_b_at_eps_s_70,eps_b_at_eps_s_80,eps_b_at_eps_s_90
relu,42,48001,34,0.9389016157500001,0.9320852847196203,0.02216,0.0572,0.09534,0.1726
relu,43,48001,39,0.9389352981,0.9322282002427779,0.02221,0.05699,0.09579,0.17208
relu,44,48001,45,0.9391088167999999,0.9322478167152904,0.02233,0.05749,0.09505,0.17119
relu,45,48001,44,0.9391443934999999,0.932463233368684,0.02226,0.05686,0.09499,0.1715
relu,46,48001,45,0.9389612519999999,0.9321274557609568,0.02232,0.05724,0.09462,0.17166
gelu,42,48001,39,0.93922261605,0.9325036009049456,0.02217,0.05696,0.09513,0.17211
gelu,43,48001,49,0.93936753105,0.9327010190865489,0.02184,0.05679,0.09487,0.17226
gelu,44,48001,43,0.93933197305,0.9326206588893625,0.02206,0.05677,0.09467,0.17133
gelu,45,48001,43,0.93926350295,0.9325102426123454,0.02233,0.0568,0.09477,0.17059
gelu,46,48001,46,0.9392994958,0.9325314181472222,0.02245,0.05636,0.09481,0.17125
silu,42,48001,39,0.93900139085,0.9322781981478067,0.02219,0.05762,0.09542,0.17216
silu,43,48001,49,0.9392158146,0.932569607752648,0.022,0.0571,0.09496,0.17222
silu,44,48001,45,0.9391571085499999,0.9321717393590866,0.02217,0.05705,0.09537,0.17097
silu,45,48001,49,0.93919152405,0.9323899828472672,0.02228,0.05706,0.09456,0.17153
silu,46,48001,46,0.9391008207,0.9323617709184607,0.02242,0.05668,0.09554,0.17212
