model,target_signal_efficiency,signal_efficiency,threshold,background_efficiency,background_rejection
BDT,0.3,0.2999994595091262,0.946318825105612,0.008479056475113203,117.93765060240965
NN,0.3,0.2999994595091262,0.955,0.007350218233546927,136.05038220986796
BDT,0.5,0.49999729754563094,0.8954477874560277,0.024157649156052948,41.39475631673538
NN,0.5,0.49999729754563094,0.9067,0.021069944554121665,47.46096969696969
BDT,0.7,0.7000005404908738,0.78128910536317,0.06073251896933493,16.465643397813288
NN,0.7,0.7000005404908738,0.8003,0.0540565389615199,18.499149579514313
BDT,0.8,0.8000021619634953,0.6620092784774265,0.0981425247667621,10.189263037368587
NN,0.8,0.8000021619634953,0.69,0.08809279969761437,11.351665555330067
BDT,0.9,0.8999983785273785,0.4427782533453448,0.1780550781120308,5.616239708540119
NN,0.9,0.8999983785273785,0.4883,0.16080837076972976,6.218581751766855
