epoch,train_loss,train_accuracy,val_loss,val_accuracy,seconds
1,0.46726683488845827,0.7810199856758118,0.4616518868350983,0.7785999774932861,423.172271198011
2,0.44073019224166876,0.7965499758720398,0.432964617099762,0.7991999983787537,416.74238200997934
3,0.43119152856826787,0.8016799688339233,0.4253889929389954,0.805359959602356,407.2128471949836
4,0.42533575611114505,0.8057199716567993,0.4393949651670456,0.8027399778366089,416.48474447405897
5,0.42219119781494147,0.8069599866867065,0.4542465044975281,0.7927199602127075,415.56635972391814
6,0.41967146533966065,0.8087799549102783,0.42192613334655765,0.8093999624252319,413.65363644307945
7,0.41666444023132326,0.8106799721717834,0.422193475227356,0.8100599646568298,410.33915037603583
8,0.41540502652168276,0.811549961566925,0.4180145256996155,0.8096699714660645,399.11276490194723
9,0.4143906300163269,0.8120200037956238,0.41394279967308045,0.812309980392456,406.5777448110748
10,0.4116558190727234,0.8144800066947937,0.4184667357635498,0.8122899532318115,403.172793456004
11,0.4107859505081177,0.8139299750328064,0.41725251070022584,0.8112799525260925,408.0107656529872
12,0.4101109656810761,0.8150299787521362,0.4120643861293793,0.8132500052452087,405.0478397209663
13,0.40871680440902713,0.8156899809837341,0.41112334729194644,0.8141899704933167,415.16327548294794
14,0.4074577585411072,0.8160099983215332,0.41883249184131627,0.8094399571418762,424.71886910300236
15,0.4061745712471009,0.8168900012969971,0.4108005385398865,0.8130099773406982,409.7543871579692
16,0.40531470102310185,0.8172900080680847,0.41316853357315064,0.812209963798523,394.3092477450846
17,0.40373125581741337,0.8187099695205688,0.4235862423038483,0.8118399977684021,405.9691945639206
18,0.40315458913803104,0.8188999891281128,0.41450487609863285,0.8093499541282654,402.8036313679768
19,0.4020181536865235,0.8192600011825562,0.4102478405570984,0.8138799667358398,429.96534466103185
20,0.4008246421813965,0.8196499943733215,0.41578754800796514,0.8141199946403503,409.3416639860952
21,0.3993511772346497,0.820169985294342,0.4142166548919678,0.8139899969100952,418.84951937105507
22,0.3976481910324097,0.8222099542617798,0.42896279310703284,0.803119957447052,416.65924820594955
23,0.39692423019409184,0.8218299746513367,0.41617325548172,0.811549961566925,430.192418894032
24,0.3966081055736542,0.8223699927330017,0.412369457359314,0.8139999508857727,414.0704649579711
25,0.3946606451797486,0.8235999941825867,0.41078729691505433,0.8142600059509277,409.48821268905886
26,0.3930705640411377,0.8243100047111511,0.41069578081130986,0.815339982509613,409.1652113230666
