operating_point,target_signal_efficiency,threshold,category,meaning,events,n_exactly_2_jets,n_exactly_3_jets,n_4plus_jets,n_3plus_jets,fraction_3plus_jets,mean_n_jets_original,median_n_jets_original,mean_score
eps_sig=0.50,0.5,0.89697265625,TP,correct signal,92530,65652,26273,605,26878,0.2904787636442235,2.297038798227602,2.0,0.953125
eps_sig=0.50,0.5,0.89697265625,FN,misidentified signal,92487,64286,27681,520,28201,0.3049185290905749,2.31054094088899,2.0,0.65234375
eps_sig=0.50,0.5,0.89697265625,FP,misidentified background,8755,6146,2548,61,2609,0.2980011422044546,2.3049685893774985,2.0,0.9375
eps_sig=0.50,0.5,0.89697265625,TN,correct background,382798,279801,101496,1501,102997,0.2690635792245519,2.272984707339119,2.0,0.1754150390625
eps_sig=0.70,0.7,0.78125,TP,correct signal,129546,91828,36931,787,37718,0.2911552653111636,2.2972457659827397,2.0,0.9228515625
eps_sig=0.70,0.7,0.78125,FN,misidentified signal,55471,38110,17023,338,17361,0.31297434695606713,2.319067620919039,2.0,0.52197265625
eps_sig=0.70,0.7,0.78125,FP,misidentified background,22501,15850,6498,153,6651,0.29558686280609753,2.3023865605973066,2.0,0.876953125
eps_sig=0.70,0.7,0.78125,TN,correct background,369052,270097,97546,1409,98955,0.2681329460347051,2.2719508361965253,2.0,0.1507568359375
eps_sig=0.80,0.8,0.66748046875,TP,correct signal,148029,104920,42214,895,43109,0.29121996365577013,2.2972795871079317,2.0,0.8984375
eps_sig=0.80,0.8,0.66748046875,FN,misidentified signal,36988,25018,11740,230,11970,0.32361847085541257,2.329836703795826,2.0,0.418701171875
eps_sig=0.80,0.8,0.66748046875,FP,misidentified background,36629,26025,10369,235,10604,0.28949739277621556,2.295913074340004,2.0,0.81787109375
eps_sig=0.80,0.8,0.66748046875,TN,correct background,354924,259922,93675,1327,95002,0.26766857129977123,2.271407399894062,2.0,0.1279296875
eps_sig=0.90,0.9,0.457275390625,TP,correct signal,166523,117648,47874,1001,48875,0.2935029995856428,2.2995261915771397,2.0,0.8623046875
eps_sig=0.90,0.9,0.457275390625,FN,misidentified signal,18494,12290,6080,124,6204,0.33546014923759054,2.3421650264950795,2.0,0.263427734375
eps_sig=0.90,0.9,0.457275390625,FP,misidentified background,66691,47319,18975,397,19372,0.2904739769983956,2.296426804216461,2.0,0.701171875
eps_sig=0.90,0.9,0.457275390625,TN,correct background,324862,238628,85069,1165,86234,0.265448097961596,2.269034236075626,2.0,0.0880126953125
