rank,key,label,n_signal,n_background,signal_mean,background_mean,raw_auc,auc,overlap,ks_d,ks_p
1,J1_constituent_multiplicity,Leading constituent multiplicity,1109470,2412684,39.168922999269924,24.46346558438652,0.8519490000984128,0.8519490000984128,0.4500111184288129,0.5499888815711871,0.0
2,J2_constituent_multiplicity,Sub-leading constituent multiplicity,1109470,2412684,31.660349536265063,20.425408383360605,0.8341373754025668,0.8341373754025668,0.4784844438508181,0.5215155561491819,0.0
3,J1_c2,Leading C2,1109470,2404922,0.5413976838338056,0.466936465856671,0.8317311693037495,0.8317311693037495,0.48983372745410125,0.5102951651402079,0.0
4,J2_c2,Sub-leading C2,1109469,2395695,0.4981785791881544,0.43240447421830963,0.8181564897416151,0.8181564897416151,0.49019362477346284,0.5099442345303407,0.0
5,J1_e3,Leading e3,1109470,2412684,0.08520941328732928,0.055756478372898426,0.813405134316763,0.813405134316763,0.5199597317936484,0.48005100989509997,0.0
6,J2_e3,Sub-leading e3,1109470,2412684,0.06410982523147639,0.04085571198651082,0.8094193582126682,0.8094193582126682,0.5039196055311127,0.4962343522133321,0.0
7,J2_e2,Sub-leading e2,1109470,2412684,0.35293806675074235,0.293964184419344,0.8018943591046052,0.8018943591046052,0.5172863796356262,0.4829398500808003,0.0
8,J1_e2,Leading e2,1109470,2412684,0.39161043810485935,0.3341794876135095,0.7982819563359435,0.7982819563359435,0.5484685058571869,0.4515778518027097,0.0
9,J2_mass,Sub-leading jet mass,1109470,2412684,19.867897056182493,14.203235900200644,0.7758213003689081,0.7758213003689081,0.5547857588417011,0.4454310534422963,0.0
10,J1_mass,Leading jet mass,1109470,2412684,29.92417345157947,24.833819895793315,0.6431736792815992,0.6431736792815992,0.7286209443474424,0.2700500902392705,0.0
11,J2_d2,Sub-leading D2,1109469,2395695,1.4194594444261146,1.534462398304362,0.3687978094269423,0.6312021905730577,0.993566750339936,0.22949721306137316,0.0
12,J1_p,Leading jet p,1109470,2412684,54.14138204722312,55.55083342039843,0.40504930107426323,0.5949506989257367,0.7997225401687014,0.19635632861533436,0.0
13,J2_p,Sub-leading jet p,1109470,2412684,53.38348674048859,54.22176274813576,0.4174370647209981,0.5825629352790018,0.7643482908035888,0.18340525939832875,0.0
14,J2_pt,Sub-leading jet pT,1109470,2412684,42.93548294906839,39.50946596465091,0.5746212388603933,0.5746212388603933,0.8290380780803106,0.14436121899056953,0.0
15,J1_pt,Leading jet pT,1109470,2412684,43.55139105013065,40.12173126269566,0.5738500543875423,0.5738500543875423,0.8414227312830861,0.13050716972771587,0.0
16,J1_d2,Leading D2,1109470,2404922,1.3876090623759592,1.4186888846527292,0.45320686518121744,0.5467931348187826,0.9178126634906812,0.18814228387079146,0.0
17,J1_energy,Leading jet energy,1109470,2412684,62.55319524395895,61.87981883602616,0.5206145272496613,0.5206145272496613,0.8935778902859061,0.06850546008883537,0.0
18,event_invariant_mass,Event invariant mass,1109470,2412684,124.12372846010544,124.15807560370557,0.4830670329522087,0.5169329670477913,0.9246030528274104,0.05148151112348609,0.0
19,J2_energy,Sub-leading jet energy,1109470,2412684,57.28205752969932,56.39503529875359,0.5151004880070603,0.5151004880070603,0.8901053918000081,0.07330265875573078,0.0
20,n_jets_original,Number of jets,1109470,2412684,2.301916230272112,2.2739666694851044,0.5132745772383711,0.5132745772383711,0.9738257895556748,0.02617421044432522,0.0
21,J1_theta,Leading jet theta,1109470,2412684,1.5697287678593206,1.5707856747356124,0.49962370207607115,0.5003762979239288,0.8440408712334616,0.07843759668638384,0.0
22,J2_theta,Sub-leading jet theta,1109470,2412684,1.5718923276476533,1.5708357426711201,0.5003644145329957,0.5003644145329957,0.8637183459126683,0.06846846295313053,0.0
