epoch,learning_rate,train_loss,train_accuracy,val_loss,val_accuracy,seconds
1,2e-05,0.4740410856666565,0.779043972492218,0.46595087966918947,0.7836999893188477,647.3208208599826
2,7.999999999999999e-05,0.44582547425079344,0.7930600047111511,0.43840240756034854,0.798069953918457,644.5476838439936
3,0.00014,0.4286668061161041,0.8042839765548706,0.43036044228553777,0.8022099733352661,626.1728620170616
4,0.0002,0.42188293981170655,0.8084959983825684,0.4170563558959961,0.8100699782371521,635.4696874829242
5,0.0001995208803038836,0.4160479723167419,0.811627984046936,0.4146754704666138,0.8121799826622009,617.328579021967
6,0.00019808813540012142,0.41259589532470703,0.814083993434906,0.4169985342025757,0.8113399744033813,641.6432453710586
7,0.00019571556340535476,0.41081598736190794,0.815276026725769,0.4159677538108826,0.8151400089263916,626.2952463970287
8,0.000192426013484873,0.40765440032196043,0.8164759874343872,0.4072108627700806,0.8162099719047546,633.9097292460501
9,0.0001882511658026613,0.40529643219947814,0.8180080056190491,0.4042252092456818,0.8177199959754944,632.3585145840188
10,0.00018323122642410324,0.40341264356994627,0.8195279836654663,0.408222847108841,0.8158800005912781,619.3743801879464
11,0.0001774145401095923,0.40122634440422056,0.8199319839477539,0.4020087512588501,0.8187199831008911,643.5975609569578
12,0.00017085712472806146,0.3990559824485779,0.8216000199317932,0.40452402820587163,0.818120002746582,632.1266466720263
13,0.00016362213177428272,0.3972228241672516,0.8222600221633911,0.40062924299240116,0.8184399604797363,627.69493740506
14,0.0001557792381854504,0.3952502848148346,0.8232920169830322,0.41102106551170353,0.8150399923324585,637.1454323210055
15,0.00014740397531418678,0.3939150968399048,0.8237640261650085,0.4003715827560425,0.8202599883079529,635.0021995329298
16,0.00013857700152032642,0.39252233329772945,0.824944019317627,0.40027234666824346,0.8196799755096436,634.2789233350195
17,0.00012938332538681897,0.3905648872871399,0.8260200023651123,0.40270470857620244,0.8179900050163269,630.5215083030052
18,0.00011991148704060476,0.3891279992790222,0.8266159892082214,0.40996513874530793,0.8169499635696411,618.343816791079
19,0.00011025270546279128,0.3871030724029541,0.8274400234222412,0.4018062429428101,0.819409966468811,628.8613833449781
20,0.00010049999999999998,0.38520829981994625,0.8285920023918152,0.4034438603019715,0.8179999589920044,635.9513397469418
21,9.074729453720869e-05,0.38429994180107113,0.8292040228843689,0.4043502009391785,0.8191099762916565,644.8234254710842
22,8.108851295939522e-05,0.38234835309219356,0.8302040100097656,0.40278798792839055,0.8199599981307983,623.3108330250252
23,7.161667461318099e-05,0.3806573491706848,0.8303999900817871,0.3977687376785279,0.8222599625587463,630.9615312670358
24,6.242299847967355e-05,0.37867673713874817,0.832319974899292,0.39780282917499543,0.8230899572372437,638.4475811909651
25,5.3596024685813215e-05,0.37739817541885373,0.8322039842605591,0.3967620019292832,0.8224200010299683,614.7405425170437
26,4.522076181454959e-05,0.3757147554550171,0.8334919810295105,0.3980212780809403,0.823390007019043,630.7666787699563
27,3.737786822571728e-05,0.3742545842294693,0.8343480229377747,0.3990732050609589,0.8223699927330017,614.4772054079222
28,3.0142875271938526e-05,0.37299368844413755,0.8346480131149292,0.39825962353229527,0.8225299715995789,625.4141985781025
29,2.358545989040767e-05,0.3720476914749145,0.8356119990348816,0.3982434131574631,0.8223199844360352,623.0393575530034
30,1.776877357589674e-05,0.3705265331993103,0.8368359804153442,0.39706582718849187,0.8227399587631226,627.2016107499367
31,1.2748834197338685e-05,0.3692252081375122,0.8371400237083435,0.3991500442028046,0.8228399753570557,611.6439046040177
32,8.57398651512697e-06,0.3681971988658905,0.8375200033187866,0.39765847778797153,0.822909951210022,627.8074423249345
33,5.2844365946452216e-06,0.36806635176467895,0.8373919725418091,0.4010035383987427,0.8216899633407593,626.6178672499955
34,2.9118645998785723e-06,0.367658581451416,0.8371800184249878,0.40007054532527925,0.8217599987983704,625.8937191240257
35,1.4791196961164167e-06,0.36755982482147215,0.8375840187072754,0.40073516833782197,0.8214899897575378,622.4221304289531
