event_index,jet_index,truth,gluon_probability,prediction
233,0,0,0.2961,0
618,1,0,0.4192,0
2382,1,0,0.3118,0
2712,0,0,0.2234,0
2764,0,0,0.914,1
3079,0,0,0.3252,0
3150,0,0,0.3196,0
3801,0,0,0.7505,1
5199,1,0,0.3567,0
5685,1,0,0.277,0
6449,0,0,0.5176,1
7266,1,0,0.1821,0
7272,0,0,0.632,1
7497,0,0,0.5737,1
8803,1,0,0.61,1
9262,1,0,0.5225,1
9760,1,0,0.3079,0
10708,0,0,0.2194,0
13080,1,0,0.8364,1
14255,0,0,0.8403,1
15072,1,0,0.4368,0
15931,0,0,0.367,0
17277,0,0,0.717,1
17413,1,0,0.6465,1
20599,1,0,0.396,0
20726,1,0,0.5127,1
21498,1,0,0.4915,0
22008,1,0,0.4746,0
22017,1,0,0.4058,0
22429,0,0,0.1416,0
23410,1,0,0.6255,1
23790,1,0,0.148,0
24042,1,0,0.2998,0
26104,0,0,0.5796,1
29189,0,0,0.1136,0
29410,0,0,0.3997,0
29500,1,0,0.849,1
30501,1,0,0.341,0
30506,1,0,0.87,1
31536,0,0,0.912,1
32500,1,0,0.2969,0
33395,1,0,0.277,0
33498,1,0,0.441,0
34243,1,0,0.475,0
34372,1,0,0.4314,0
36219,1,0,0.4258,0
36341,1,0,0.2737,0
37094,0,0,0.944,1
37959,1,0,0.4248,0
39931,0,0,0.161,0
40245,0,0,0.885,1
40388,1,0,0.288,0
40716,1,0,0.562,1
41932,0,0,0.7534,1
41955,1,0,0.4802,0
42328,0,0,0.3972,0
43130,1,0,0.8916,1
43224,1,0,0.839,1
44123,0,0,0.09753,0
44765,1,0,0.59,1
45073,1,0,0.8887,1
46890,1,0,0.3833,0
47306,0,0,0.279,0
47915,1,0,0.66,1
48244,0,0,0.889,1
49028,0,0,0.2795,0
52318,1,0,0.3936,0
52485,1,0,0.5073,1
52906,1,0,0.2593,0
53760,0,0,0.3123,0
56571,1,0,0.317,0
57781,1,0,0.71,1
58822,1,0,0.2646,0
59611,1,0,0.2394,0
59617,0,0,0.9272,1
59664,1,0,0.6255,1
61521,1,0,0.2249,0
62494,0,0,0.958,1
62533,0,0,0.4438,0
62926,1,0,0.281,0
64300,0,0,0.4246,0
64716,0,0,0.937,1
64754,1,0,0.2988,0
65211,0,0,0.701,1
65758,1,0,0.2362,0
66948,0,0,0.9326,1
66962,1,0,0.373,0
67299,0,0,0.2455,0
68969,0,0,0.481,0
69618,0,0,0.6533,1
70306,0,0,0.1989,0
73668,1,0,0.73,1
75246,1,0,0.5034,1
75519,1,0,0.5415,1
75571,0,0,0.7495,1
76418,0,0,0.4084,0
76886,1,0,0.6577,1
77011,1,0,0.3513,0
77470,0,0,0.5356,1
77611,1,0,0.509,1
77695,0,0,0.674,1
77795,1,0,0.3645,0
78884,1,0,0.867,1
81491,0,0,0.3372,0
81895,0,0,0.735,1
82911,1,0,0.514,1
83638,1,0,0.27,0
84262,0,0,0.2903,0
85763,0,0,0.792,1
85780,0,0,0.5186,1
85794,1,0,0.3823,0
88300,0,0,0.2482,0
88431,1,0,0.715,1
88730,1,0,0.376,0
88790,1,0,0.6406,1
89012,1,0,0.398,0
91229,1,0,0.908,1
91569,0,0,0.7314,1
91865,0,0,0.313,0
93106,0,0,0.2471,0
93545,1,0,0.3027,0
94317,1,0,0.445,0
94917,0,0,0.8027,1
94935,1,0,0.2878,0
95197,0,0,0.4355,0
95319,0,0,0.9097,1
96158,1,0,0.2815,0
98772,1,0,0.7666,1
99565,0,0,0.617,1
100297,1,0,0.2401,0
100657,0,0,0.8433,1
100859,1,0,0.2285,0
101530,0,0,0.6074,1
101646,1,0,0.4258,0
101648,0,0,0.552,1
101763,1,0,0.2405,0
103021,1,0,0.556,1
103053,1,0,0.6147,1
103326,0,0,0.7744,1
104372,1,0,0.4363,0
104654,0,0,0.4666,0
104693,1,0,0.941,1
106323,1,0,0.5854,1
106549,1,0,0.8906,1
107510,0,0,0.5386,1
108834,0,0,0.3289,0
109113,1,0,0.1774,0
109142,1,0,0.1942,0
109542,0,0,0.3613,0
109849,0,0,0.652,1
111910,1,0,0.832,1
111958,1,0,0.4954,0
112436,1,0,0.6816,1
112818,1,0,0.3489,0
113062,0,0,0.583,1
113096,0,0,0.922,1
113168,1,0,0.4458,0
114631,1,0,0.2191,0
118471,1,0,0.148,0
118539,1,0,0.58,1
120447,1,0,0.623,1
121655,0,0,0.8784,1
122517,0,0,0.774,1
122808,1,0,0.2394,0
123398,1,0,0.8784,1
123774,1,0,0.6333,1
124231,0,0,0.8003,1
124700,0,0,0.7573,1
126781,1,0,0.3245,0
127131,0,0,0.29,0
129018,1,0,0.2307,0
129333,0,0,0.786,1
129738,0,0,0.509,1
130557,1,0,0.3318,0
130784,1,0,0.2266,0
131223,1,0,0.416,0
131322,1,0,0.3848,0
131610,0,0,0.7803,1
131817,1,0,0.511,1
132539,0,0,0.4268,0
133219,1,0,0.5728,1
133410,0,0,0.5137,1
135101,1,0,0.3306,0
135992,0,0,0.461,0
136670,0,0,0.6387,1
139643,1,0,0.3452,0
140349,1,0,0.615,1
141198,1,0,0.292,0
144282,0,0,0.755,1
146040,0,0,0.1912,0
146324,0,0,0.4673,0
146663,0,0,0.592,1
148099,0,0,0.3906,0
149639,1,0,0.8125,1
150167,1,0,0.4397,0
150471,1,0,0.8247,1
151382,1,0,0.4253,0
151595,0,0,0.566,1
152331,1,0,0.264,0
152609,0,0,0.5024,1
152665,1,0,0.758,1
154248,0,0,0.2217,0
155910,1,0,0.2646,0
156788,0,0,0.5684,1
157316,1,0,0.5337,1
158059,1,0,0.6504,1
158496,1,0,0.5176,1
160009,1,0,0.462,0
160368,1,0,0.2493,0
161109,1,0,0.4558,0
161541,0,0,0.7817,1
161816,0,0,0.8667,1
162418,1,0,0.6543,1
162435,0,0,0.8037,1
162631,0,0,0.127,0
162975,0,0,0.7627,1
163884,0,0,0.8135,1
166583,1,0,0.692,1
167937,1,0,0.4558,0
168946,0,0,0.73,1
169381,1,0,0.1353,0
170041,1,0,0.275,0
170304,1,0,0.7295,1
170640,1,0,0.506,1
172018,1,0,0.8564,1
172383,0,0,0.524,1
172855,1,0,0.598,1
172924,0,0,0.3328,0
173464,0,0,0.3513,0
178127,1,0,0.467,0
178434,0,0,0.496,0
179345,0,0,0.887,1
180497,1,0,0.3232,0
181646,0,0,0.4663,0
182003,0,0,0.398,0
182834,0,0,0.4363,0
183103,0,0,0.852,1
184570,0,0,0.208,0
184706,0,0,0.3513,0
185331,0,0,0.9077,1
186176,1,0,0.4824,0
186190,1,0,0.345,0
186475,0,0,0.2318,0
186711,0,0,0.8877,1
186726,0,0,0.893,1
188485,0,0,0.2732,0
189444,1,0,0.586,1
189504,1,0,0.2024,0
190370,1,0,0.7344,1
191064,0,0,0.66,1
191136,0,0,0.516,1
191927,1,0,0.939,1
192824,0,0,0.789,1
196076,1,0,0.471,0
196600,1,0,0.132,0
196730,1,0,0.2366,0
197858,1,0,0.1602,0
199426,1,0,0.3613,0
199689,1,0,0.1594,0
199862,0,0,0.4421,0
201576,0,0,0.934,1
201849,0,0,0.624,1
204244,0,0,0.6997,1
205333,1,0,0.7812,1
205804,0,0,0.896,1
205854,0,0,0.1959,0
207752,0,0,0.1805,0
207837,1,0,0.3186,0
208394,0,0,0.1581,0
208620,0,0,0.1603,0
208787,0,0,0.789,1
209197,0,0,0.934,1
211099,0,0,0.384,0
211763,1,0,0.2595,0
211838,0,0,0.1912,0
211977,0,0,0.932,1
212830,0,0,0.3425,0
213020,1,0,0.5015,1
214161,0,0,0.07477,0
214354,0,0,0.5596,1
214364,1,0,0.281,0
214408,0,0,0.9385,1
214561,1,0,0.2883,0
216071,0,0,0.717,1
216777,0,0,0.3706,0
219211,1,0,0.224,0
220453,1,0,0.5874,1
221169,1,0,0.9287,1
221256,0,0,0.737,1
221348,0,0,0.681,1
224249,1,0,0.1929,0
224807,1,0,0.4883,0
225195,1,0,0.2362,0
225487,0,0,0.1289,0
228763,0,0,0.6255,1
229520,0,0,0.5938,1
229869,1,0,0.6562,1
231167,0,0,0.2194,0
231231,0,0,0.523,1
231269,1,0,0.3875,0
232180,0,0,0.9307,1
232788,0,0,0.4292,0
233607,1,0,0.838,1
234330,0,0,0.87,1
234679,1,0,0.614,1
234732,0,0,0.5205,1
234897,0,0,0.205,0
235422,0,0,0.2573,0
236876,0,0,0.932,1
237589,1,0,0.3413,0
239074,0,0,0.9,1
239659,1,0,0.4788,0
240544,0,0,0.576,1
240976,1,0,0.226,0
241428,1,0,0.2522,0
242801,0,0,0.706,1
243455,0,0,0.7954,1
243513,1,0,0.1737,0
244347,0,0,0.4644,0
245536,0,0,0.68,1
245896,0,0,0.545,1
246661,0,0,0.2502,0
248162,1,0,0.3545,0
250434,1,0,0.3796,0
251451,1,0,0.406,0
252259,0,0,0.252,0
252663,0,0,0.3865,0
252751,0,0,0.701,1
255184,1,0,0.3333,0
255868,0,0,0.773,1
256024,1,0,0.2417,0
258432,0,0,0.4707,0
258669,0,0,0.582,1
258738,1,0,0.823,1
260370,0,0,0.1631,0
260619,1,0,0.269,0
263441,0,0,0.869,1
264031,0,0,0.9365,1
264176,1,0,0.5664,1
265002,1,0,0.757,1
266408,1,0,0.5327,1
268076,0,0,0.8833,1
268605,1,0,0.1971,0
269227,1,0,0.466,0
269461,1,0,0.3948,0
269480,1,0,0.3333,0
271251,0,0,0.931,1
271609,1,0,0.4783,0
271983,0,0,0.6597,1
272616,1,0,0.9175,1
273371,1,0,0.3481,0
273394,1,0,0.4836,0
273412,0,0,0.5444,1
274086,1,0,0.7007,1
274386,0,0,0.749,1
276450,0,0,0.794,1
277035,1,0,0.569,1
278804,1,0,0.6816,1
279042,0,0,0.622,1
279773,1,0,0.7773,1
279854,1,0,0.8726,1
280239,0,0,0.4077,0
282118,0,0,0.929,1
282166,0,0,0.7896,1
282695,0,0,0.9136,1
285697,0,0,0.12177,0
286138,0,0,0.1831,0
286911,1,0,0.514,1
287808,0,0,0.87,1
289407,1,0,0.2722,0
289563,0,0,0.845,1
291111,1,0,0.772,1
291830,1,0,0.505,1
291891,0,0,0.2852,0
292365,1,0,0.84,1
293501,1,0,0.895,1
295001,1,0,0.4314,0
295899,0,0,0.754,1
296098,1,0,0.765,1
296658,0,0,0.9185,1
297476,0,0,0.526,1
297759,0,0,0.4966,0
298597,0,0,0.4587,0
299332,0,0,0.498,0
299539,1,0,0.612,1
299580,0,0,0.424,0
299700,1,0,0.3586,0
300352,1,0,0.744,1
302152,1,0,0.5596,1
302189,0,0,0.1704,0
303120,0,0,0.2708,0
303165,1,0,0.802,1
304259,0,0,0.05145,0
304259,1,0,0.487,0
304877,0,0,0.5435,1
304923,0,0,0.512,1
305608,1,0,0.5317,1
306611,0,0,0.6816,1
307728,0,0,0.936,1
310139,0,0,0.567,1
310250,0,0,0.3716,0
310572,1,0,0.615,1
310584,1,0,0.3716,0
311086,1,0,0.486,0
312276,0,0,0.502,1
313267,1,0,0.5996,1
313614,0,0,0.577,1
315006,0,0,0.2485,0
315063,0,0,0.9272,1
315862,0,0,0.8516,1
316271,1,0,0.8896,1
316938,1,0,0.2314,0
319574,1,0,0.04648,0
319640,0,0,0.8384,1
321251,0,0,0.898,1
321891,1,0,0.3938,0
323495,0,0,0.9263,1
324224,0,0,0.1387,0
324395,1,0,0.4146,0
325005,0,0,0.8926,1
325496,0,0,0.9136,1
329249,1,0,0.9526,1
329280,0,0,0.7134,1
330518,0,0,0.6655,1
331841,0,0,0.4314,0
333555,1,0,0.2089,0
333982,0,0,0.1765,0
334215,1,0,0.5757,1
334394,0,0,0.6567,1
334681,0,0,0.1947,0
337645,1,0,0.5806,1
339644,1,0,0.774,1
339798,0,0,0.2837,0
341623,1,0,0.4011,0
341793,1,0,0.7754,1
341904,0,0,0.3274,0
342007,0,0,0.885,1
343096,1,0,0.4155,0
343126,1,0,0.3125,0
343725,0,0,0.5806,1
344498,1,0,0.9,1
346117,1,0,0.5527,1
346765,0,0,0.486,0
347437,1,0,0.4827,0
348871,1,0,0.554,1
349063,1,0,0.2717,0
349292,0,0,0.944,1
349962,1,0,0.6577,1
350595,0,0,0.4849,0
350741,1,0,0.693,1
351336,0,0,0.503,1
352303,0,0,0.2455,0
352565,0,0,0.3782,0
352610,1,0,0.316,0
352896,0,0,0.585,1
354072,0,0,0.7246,1
354263,0,0,0.5083,1
354361,1,0,0.381,0
354875,0,0,0.946,1
356748,0,0,0.5713,1
357419,1,0,0.652,1
358585,0,0,0.848,1
358927,0,0,0.1445,0
359370,1,0,0.4966,0
360756,0,0,0.684,1
360898,1,0,0.4824,0
361042,1,0,0.26,0
361336,1,0,0.561,1
365126,1,0,0.5083,1
365879,1,0,0.5312,1
366240,0,0,0.2856,0
368668,0,0,0.8906,1
369025,1,0,0.726,1
369046,1,0,0.5986,1
369703,1,0,0.4434,0
371660,1,0,0.14,0
372435,1,0,0.5786,1
372514,1,0,0.2133,0
372949,0,0,0.1725,0
373396,0,0,0.296,0
373492,0,0,0.4072,0
374249,0,0,0.493,0
374918,0,0,0.828,1
375946,1,0,0.2332,0
378174,0,0,0.159,0
379358,1,0,0.885,1
379711,0,0,0.579,1
379826,0,0,0.4678,0
380762,1,0,0.59,1
380832,0,0,0.2103,0
382511,0,0,0.654,1
383910,0,0,0.3804,0
384275,1,0,0.5044,1
384720,1,0,0.2734,0
385896,1,0,0.332,0
388104,0,0,0.5215,1
388435,0,0,0.716,1
389262,1,0,0.2874,0
390995,0,0,0.925,1
391358,0,0,0.349,0
391715,1,1,0.6675,1
392339,0,1,0.8286,1
392537,0,1,0.922,1
392666,1,1,0.7944,1
393331,0,1,0.926,1
394102,0,1,0.909,1
394210,1,1,0.9487,1
394213,1,1,0.873,1
394301,1,1,0.6855,1
394901,0,1,0.847,1
395268,0,1,0.917,1
395461,0,1,0.946,1
396163,0,1,0.947,1
396470,0,1,0.896,1
398063,0,1,0.3513,0
398815,0,1,0.8486,1
399288,1,1,0.851,1
399491,1,1,0.7173,1
399601,1,1,0.845,1
400190,1,1,0.4783,0
400426,0,1,0.933,1
400456,0,1,0.572,1
400693,0,1,0.654,1
402131,1,1,0.5454,1
402157,1,1,0.6636,1
402170,0,1,0.9316,1
402245,0,1,0.9463,1
403271,1,1,0.9287,1
403549,0,1,0.931,1
404135,0,1,0.9155,1
404276,1,1,0.936,1
404714,0,1,0.877,1
405554,1,1,0.9365,1
405761,1,1,0.9277,1
405904,1,1,0.8726,1
405974,0,1,0.942,1
406513,1,1,0.8374,1
406908,1,1,0.895,1
407240,0,1,0.9277,1
407617,0,1,0.894,1
407924,1,1,0.9434,1
408231,1,1,0.9106,1
408429,0,1,0.9365,1
408649,1,1,0.747,1
408872,1,1,0.8813,1
408999,0,1,0.943,1
409670,0,1,0.9414,1
410039,1,1,0.823,1
410300,1,1,0.876,1
410461,0,1,0.743,1
410465,1,1,0.8047,1
411050,0,1,0.8975,1
411761,1,1,0.8525,1
412088,1,1,0.481,0
412573,0,1,0.8296,1
412812,1,1,0.6567,1
412854,0,1,0.8784,1
413651,0,1,0.7974,1
413688,1,1,0.4395,0
413914,0,1,0.9424,1
414099,0,1,0.906,1
414155,1,1,0.784,1
414277,1,1,0.9434,1
416208,1,1,0.647,1
416477,0,1,0.9395,1
417062,0,1,0.856,1
417384,1,1,0.5815,1
417394,0,1,0.74,1
417860,1,1,0.5044,1
418106,1,1,0.6265,1
418306,0,1,0.87,1
419715,1,1,0.8833,1
420150,1,1,0.928,1
420879,0,1,0.799,1
421014,1,1,0.7676,1
421153,0,1,0.905,1
421359,1,1,0.716,1
421760,1,1,0.525,1
422340,1,1,0.819,1
422640,0,1,0.902,1
422918,1,1,0.609,1
423355,0,1,0.6094,1
423597,1,1,0.8027,1
423922,1,1,0.8833,1
424145,0,1,0.7075,1
424931,1,1,0.8706,1
425033,1,1,0.651,1
425385,0,1,0.912,1
425589,1,1,0.7656,1
425893,1,1,0.8955,1
427092,1,1,0.3147,0
427597,1,1,0.5464,1
427874,0,1,0.913,1
428007,0,1,0.8955,1
428013,1,1,0.714,1
428127,1,1,0.637,1
428327,0,1,0.857,1
428525,0,1,0.7593,1
428830,0,1,0.94,1
429098,0,1,0.9155,1
429147,1,1,0.651,1
429202,0,1,0.3164,0
429398,1,1,0.767,1
430425,1,1,0.9067,1
430848,0,1,0.7397,1
431182,1,1,0.9106,1
431463,1,1,0.2612,0
431526,0,1,0.93,1
432435,0,1,0.814,1
432519,0,1,0.938,1
432530,1,1,0.9434,1
433377,1,1,0.4177,0
433872,0,1,0.654,1
434373,0,1,0.838,1
434825,0,1,0.894,1
435238,0,1,0.958,1
435525,1,1,0.657,1
435800,0,1,0.69,1
436778,1,1,0.7026,1
437020,1,1,0.8994,1
437467,0,1,0.873,1
437806,1,1,0.7637,1
438166,1,1,0.4878,0
438539,1,1,0.7344,1
438597,1,1,0.2722,0
439686,0,1,0.9146,1
439817,1,1,0.486,0
440412,1,1,0.3599,0
440855,1,1,0.893,1
441328,0,1,0.945,1
442915,0,1,0.9473,1
442982,1,1,0.522,1
443320,0,1,0.9126,1
443330,0,1,0.6177,1
443778,1,1,0.8447,1
443942,0,1,0.836,1
444289,0,1,0.948,1
445026,0,1,0.942,1
445194,1,1,0.6064,1
445336,0,1,0.6665,1
446026,0,1,0.9414,1
446284,0,1,0.9365,1
446712,0,1,0.84,1
447577,1,1,0.3591,0
447947,1,1,0.95,1
448049,1,1,0.8296,1
448081,0,1,0.691,1
448500,1,1,0.847,1
448511,0,1,0.9307,1
449119,0,1,0.9365,1
449367,0,1,0.3782,0
449529,1,1,0.6045,1
449646,0,1,0.8945,1
449954,1,1,0.687,1
451435,0,1,0.9404,1
451477,0,1,0.9224,1
451532,1,1,0.5713,1
451670,1,1,0.8486,1
452595,0,1,0.9126,1
453217,1,1,0.769,1
453509,0,1,0.916,1
454051,0,1,0.9243,1
454226,0,1,0.6475,1
454424,0,1,0.9214,1
454496,0,1,0.9546,1
454812,0,1,0.4897,0
455737,1,1,0.954,1
456458,1,1,0.9395,1
456650,1,1,0.903,1
457032,1,1,0.9453,1
457449,1,1,0.8853,1
457541,1,1,0.903,1
457634,0,1,0.9307,1
459268,1,1,0.8896,1
459446,0,1,0.929,1
460136,0,1,0.938,1
460198,0,1,0.9346,1
461001,1,1,0.7705,1
461415,1,1,0.7837,1
462391,1,1,0.8813,1
464003,1,1,0.776,1
465283,1,1,0.901,1
465474,1,1,0.582,1
466179,0,1,0.6187,1
466205,1,1,0.8105,1
466338,1,1,0.655,1
467093,1,1,0.9365,1
467334,0,1,0.917,1
467639,1,1,0.893,1
467766,0,1,0.915,1
469328,1,1,0.778,1
469362,0,1,0.8843,1
469641,1,1,0.9346,1
470301,0,1,0.5747,1
470382,1,1,0.737,1
471232,1,1,0.8926,1
471279,1,1,0.5083,1
471827,1,1,0.9517,1
471942,1,1,0.7397,1
472090,1,1,0.898,1
472540,0,1,0.9326,1
472875,0,1,0.938,1
473101,1,1,0.9175,1
473921,1,1,0.848,1
473955,1,1,0.8496,1
474414,1,1,0.838,1
474565,1,1,0.921,1
475166,0,1,0.942,1
475346,1,1,0.3372,0
475478,0,1,0.924,1
476510,0,1,0.9033,1
477050,1,1,0.727,1
477900,1,1,0.9375,1
478068,0,1,0.9395,1
478675,0,1,0.946,1
479602,1,1,0.882,1
479779,0,1,0.929,1
480406,0,1,0.9004,1
480467,1,1,0.5938,1
481334,0,1,0.954,1
482052,0,1,0.946,1
482191,1,1,0.9546,1
482257,1,1,0.9136,1
482376,0,1,0.8877,1
482514,1,1,0.545,1
482676,0,1,0.944,1
482831,1,1,0.756,1
482842,1,1,0.5103,1
482925,0,1,0.7856,1
482961,1,1,0.735,1
482980,1,1,0.7793,1
483693,1,1,0.9326,1
484630,0,1,0.9487,1
484876,0,1,0.8584,1
485539,0,1,0.9116,1
486248,0,1,0.9175,1
486833,0,1,0.9307,1
487440,1,1,0.928,1
487609,1,1,0.768,1
488849,0,1,0.8467,1
489610,1,1,0.6577,1
490096,1,1,0.914,1
490264,1,1,0.831,1
490280,1,1,0.874,1
490497,0,1,0.8413,1
490743,1,1,0.943,1
491006,0,1,0.928,1
491432,0,1,0.948,1
491505,0,1,0.859,1
491858,1,1,0.902,1
492103,0,1,0.9453,1
492268,0,1,0.603,1
492785,0,1,0.9043,1
493159,0,1,0.9185,1
493176,0,1,0.8267,1
493597,1,1,0.7344,1
494051,0,1,0.8716,1
495244,0,1,0.8945,1
495519,0,1,0.931,1
495962,0,1,0.7656,1
496167,1,1,0.8633,1
496371,0,1,0.552,1
496434,0,1,0.8735,1
497426,1,1,0.9062,1
497476,1,1,0.8975,1
498448,0,1,0.775,1
498762,0,1,0.8926,1
499312,0,1,0.91,1
499637,0,1,0.9395,1
499865,1,1,0.928,1
500037,0,1,0.9062,1
500136,0,1,0.7905,1
500323,1,1,0.3838,0
500651,1,1,0.9097,1
500735,0,1,0.8677,1
501102,0,1,0.89,1
501142,0,1,0.919,1
501425,0,1,0.9204,1
501646,1,1,0.566,1
501885,0,1,0.887,1
502407,1,1,0.8896,1
502495,0,1,0.83,1
502544,0,1,0.8687,1
503160,0,1,0.7695,1
503929,0,1,0.947,1
503985,0,1,0.937,1
504899,1,1,0.9336,1
504966,0,1,0.944,1
505135,1,1,0.769,1
505587,0,1,0.9663,1
506871,0,1,0.9414,1
507256,0,1,0.839,1
507322,1,1,0.7446,1
507473,1,1,0.8984,1
507724,0,1,0.4517,0
507947,1,1,0.752,1
508712,1,1,0.8325,1
509164,0,1,0.9233,1
509266,0,1,0.633,1
509436,0,1,0.8315,1
509710,1,1,0.8057,1
509754,1,1,0.9355,1
509840,1,1,0.3613,0
509864,1,1,0.8354,1
509980,1,1,0.6714,1
510515,0,1,0.9185,1
510593,1,1,0.9395,1
510696,0,1,0.692,1
510835,0,1,0.9316,1
510999,1,1,0.758,1
511051,1,1,0.925,1
511492,1,1,0.744,1
511592,0,1,0.9287,1
511702,1,1,0.7275,1
512095,0,1,0.886,1
512286,0,1,0.8706,1
512344,0,1,0.893,1
512961,1,1,0.859,1
514161,1,1,0.787,1
514711,1,1,0.935,1
514738,1,1,0.5454,1
514931,1,1,0.8843,1
515107,1,1,0.7646,1
515109,1,1,0.93,1
515710,0,1,0.8286,1
515840,0,1,0.9126,1
516663,1,1,0.803,1
516979,1,1,0.672,1
517135,1,1,0.326,0
517251,0,1,0.932,1
517677,0,1,0.744,1
518659,1,1,0.6904,1
518864,1,1,0.4565,0
519439,1,1,0.842,1
519823,0,1,0.9536,1
520512,1,1,0.762,1
520815,1,1,0.7334,1
521079,0,1,0.914,1
521183,0,1,0.9287,1
521299,1,1,0.928,1
521440,0,1,0.911,1
521521,0,1,0.926,1
521533,0,1,0.928,1
521679,0,1,0.4797,0
521812,0,1,0.8247,1
522185,0,1,0.8564,1
522887,1,1,0.7393,1
523256,0,1,0.9365,1
523395,1,1,0.3577,0
523589,0,1,0.96,1
523879,0,1,0.9214,1
523905,0,1,0.9346,1
524152,0,1,0.653,1
524502,0,1,0.9146,1
524711,0,1,0.7007,1
526325,0,1,0.9287,1
526424,0,1,0.9053,1
526588,0,1,0.9478,1
526957,1,1,0.9067,1
527127,1,1,0.8687,1
527146,0,1,0.837,1
527438,0,1,0.9272,1
527737,1,1,0.6924,1
527824,1,1,0.7046,1
528007,0,1,0.9526,1
528209,0,1,0.924,1
528840,1,1,0.95,1
529541,1,1,0.4978,0
530297,1,1,0.918,1
530305,0,1,0.235,0
530402,0,1,0.9565,1
530830,0,1,0.9263,1
531301,0,1,0.9473,1
531564,0,1,0.936,1
532397,0,1,0.502,1
533089,1,1,0.762,1
533495,1,1,0.9375,1
534419,1,1,0.9033,1
534433,0,1,0.9033,1
534473,0,1,0.94,1
535201,1,1,0.922,1
535217,0,1,0.944,1
535423,0,1,0.9463,1
536284,1,1,0.7627,1
536633,1,1,0.7354,1
536804,0,1,0.841,1
537484,1,1,0.8184,1
538101,0,1,0.8594,1
538106,0,1,0.9126,1
539380,1,1,0.7637,1
539430,1,1,0.933,1
539518,1,1,0.7817,1
539881,1,1,0.889,1
540288,1,1,0.8594,1
540630,1,1,0.824,1
540847,1,1,0.8467,1
540923,1,1,0.3076,0
542030,1,1,0.9224,1
542085,0,1,0.8516,1
542087,1,1,0.8447,1
542203,1,1,0.854,1
542244,1,1,0.3848,0
542999,1,1,0.4336,0
543058,0,1,0.9414,1
543675,1,1,0.931,1
543899,0,1,0.9116,1
545227,0,1,0.8745,1
545481,0,1,0.921,1
546392,1,1,0.89,1
546723,1,1,0.929,1
546779,0,1,0.7266,1
546788,0,1,0.2168,0
547459,1,1,0.9062,1
547835,0,1,0.933,1
548102,1,1,0.7944,1
548157,1,1,0.4294,0
548329,1,1,0.7954,1
548363,0,1,0.841,1
548801,0,1,0.912,1
548995,0,1,0.6714,1
549042,0,1,0.67,1
551233,1,1,0.921,1
551245,1,1,0.7686,1
552260,1,1,0.9277,1
552551,1,1,0.3987,0
552878,0,1,0.946,1
553027,0,1,0.9287,1
553186,0,1,0.8833,1
553679,1,1,0.9136,1
553748,1,1,0.753,1
554178,0,1,0.914,1
554371,1,1,0.1936,0
554584,1,1,0.864,1
554700,0,1,0.6855,1
554831,0,1,0.9214,1
555324,0,1,0.9453,1
555721,1,1,0.9067,1
556182,0,1,0.8877,1
556739,1,1,0.942,1
557419,1,1,0.8306,1
557622,1,1,0.918,1
557871,1,1,0.577,1
557873,0,1,0.843,1
558828,1,1,0.8823,1
559169,1,1,0.841,1
559172,1,1,0.865,1
559305,0,1,0.917,1
559510,0,1,0.907,1
560119,1,1,0.7827,1
560505,1,1,0.76,1
560672,1,1,0.2161,0
560969,1,1,0.517,1
561001,1,1,0.789,1
561253,0,1,0.8774,1
561447,0,1,0.941,1
561464,0,1,0.9414,1
561589,0,1,0.9404,1
561962,1,1,0.7637,1
562089,0,1,0.9165,1
562195,1,1,0.947,1
562467,1,1,0.8677,1
562550,1,1,0.8267,1
562573,1,1,0.8984,1
562636,0,1,0.9316,1
563367,1,1,0.8447,1
563390,0,1,0.7773,1
563447,0,1,0.6807,1
565177,0,1,0.9463,1
565204,0,1,0.8994,1
565303,0,1,0.9185,1
565608,1,1,0.7544,1
566505,0,1,0.816,1
567823,1,1,0.5996,1
568002,1,1,0.5244,1
568083,0,1,0.9263,1
568926,0,1,0.859,1
569044,1,1,0.9253,1
569345,0,1,0.9214,1
569843,1,1,0.7974,1
569938,1,1,0.871,1
570302,0,1,0.7363,1
570549,0,1,0.9453,1
572453,0,1,0.6567,1
572687,1,1,0.861,1
572775,1,1,0.865,1
572810,0,1,0.9243,1
573128,1,1,0.9565,1
573373,1,1,0.9253,1
573620,0,1,0.9365,1
573694,1,1,0.955,1
574162,0,1,0.929,1
574816,1,1,0.791,1
574886,0,1,0.939,1
575067,0,1,0.6826,1
575635,0,1,0.9546,1
575762,1,1,0.6074,1
575808,1,1,0.877,1
575949,0,1,0.9194,1
576039,1,1,0.8545,1
576129,0,1,0.3667,0
